image,rating
image-0.jpg,4
image-1.jpg,2
image-10.jpg,2
image-100.jpg,1
image-1000.jpg,3
image-1001.jpg,2
image-1002.jpg,2
image-1003.jpg,1
image-1004.jpg,2
image-1005.jpg,3
image-1006.jpg,1
image-1007.jpg,2
image-1008.jpg,1
image-1009.jpg,1
image-101.jpg,0
image-1010.jpg,1
image-1011.jpg,1
image-1012.jpg,2
image-1013.jpg,1
image-1014.jpg,3
image-1015.jpg,2
image-1016.jpg,0
image-1017.jpg,1
image-1018.jpg,0
image-1019.jpg,2
image-102.jpg,1
image-1020.jpg,0
image-1021.jpg,3
image-1022.jpg,2
image-1023.jpg,1
image-1024.jpg,1
image-1025.jpg,0
image-1026.jpg,0
image-1027.jpg,3
image-1028.jpg,1
image-1029.jpg,0
image-103.jpg,2
image-1030.jpg,1
image-1031.jpg,0
image-1032.jpg,0
image-1033.jpg,3
image-1034.jpg,1
image-1035.jpg,1
image-1036.jpg,3
image-1037.jpg,1
image-1038.jpg,1
image-1039.jpg,2
image-104.jpg,0
image-1040.jpg,2
image-1041.jpg,1
image-1042.jpg,1
image-1043.jpg,4
image-1044.jpg,2
image-1045.jpg,1
image-1046.jpg,1
image-1047.jpg,3
image-1048.jpg,1
image-1049.jpg,0
image-105.jpg,2
image-1050.jpg,1
image-1051.jpg,1
image-1052.jpg,1
image-1053.jpg,1
image-1054.jpg,2
image-1055.jpg,2
image-1056.jpg,2
image-1057.jpg,2
image-1058.jpg,2
image-1059.jpg,1
image-106.jpg,1
image-1060.jpg,1
image-1061.jpg,2
image-1062.jpg,2
image-1063.jpg,1
image-1064.jpg,1
image-1065.jpg,2
image-1066.jpg,2
image-1067.jpg,3
image-1068.jpg,0
image-1069.jpg,1
image-107.jpg,3
image-1070.jpg,3
image-1071.jpg,1
image-1072.jpg,2
image-1073.jpg,1
image-1074.jpg,0
image-1075.jpg,3
image-1076.jpg,2
image-1077.jpg,2
image-1078.jpg,1
image-1079.jpg,1
image-108.jpg,4
image-1080.jpg,1
image-1081.jpg,2
image-1082.jpg,3
image-1083.jpg,2
image-1084.jpg,3
image-1085.jpg,1
image-1086.jpg,0
image-1087.jpg,3
image-1088.jpg,1
image-1089.jpg,2
image-109.jpg,4
image-1090.jpg,3
image-1091.jpg,2
image-1092.jpg,2
image-1093.jpg,2
image-1094.jpg,2
image-1095.jpg,2
image-1096.jpg,1
image-1097.jpg,1
image-1098.jpg,3
image-1099.jpg,1
image-11.jpg,2
image-110.jpg,3
image-1100.jpg,1
image-1101.jpg,2
image-1102.jpg,3
image-1103.jpg,2
image-1104.jpg,2
image-1105.jpg,2
image-1106.jpg,1
image-1107.jpg,1
image-1108.jpg,2
image-1109.jpg,2
image-111.jpg,3
image-1110.jpg,2
image-1111.jpg,3
image-1112.jpg,2
image-1113.jpg,2
image-1114.jpg,2
image-1115.jpg,2
image-1116.jpg,1
image-1117.jpg,1
image-1118.jpg,1
image-1119.jpg,1
image-112.jpg,3
image-1120.jpg,1
image-1121.jpg,2
image-1122.jpg,2
image-1123.jpg,2
image-1124.jpg,3
image-1125.jpg,3
image-1126.jpg,3
image-1127.jpg,4
image-1128.jpg,3
image-1129.jpg,4
image-113.jpg,4
image-1130.jpg,2
image-1131.jpg,3
image-1132.jpg,3
image-1133.jpg,1
image-1134.jpg,1
image-1135.jpg,2
image-1136.jpg,2
image-1137.jpg,1
image-1138.jpg,2
image-1139.jpg,1
image-114.jpg,4
image-1140.jpg,1
image-1141.jpg,1
image-1142.jpg,1
image-1143.jpg,1
image-1144.jpg,1
image-1145.jpg,1
image-1146.jpg,2
image-1147.jpg,2
image-1148.jpg,2
image-1149.jpg,1
image-115.jpg,4
image-1150.jpg,1
image-1151.jpg,2
image-1152.jpg,4
image-1153.jpg,1
image-1154.jpg,2
image-1155.jpg,1
image-1156.jpg,3
image-1157.jpg,2
image-1158.jpg,2
image-1159.jpg,2
image-116.jpg,3
image-1160.jpg,2
image-1161.jpg,3
image-1162.jpg,1
image-1163.jpg,3
image-1164.jpg,1
image-1165.jpg,2
image-1166.jpg,1
image-1167.jpg,1
image-1168.jpg,1
image-1169.jpg,2
image-117.jpg,3
image-1170.jpg,2
image-1171.jpg,3
image-1172.jpg,3
image-1173.jpg,2
image-1174.jpg,2
image-1175.jpg,2
image-1176.jpg,2
image-1177.jpg,2
image-1178.jpg,2
image-1179.jpg,2
image-118.jpg,3
image-1180.jpg,2
image-1181.jpg,3
image-1182.jpg,3
image-1183.jpg,2
image-1184.jpg,2
image-1185.jpg,2
image-1186.jpg,2
image-1187.jpg,2
image-1188.jpg,4
image-1189.jpg,2
image-119.jpg,1
image-1190.jpg,2
image-1191.jpg,2
image-1192.jpg,3
image-1193.jpg,3
image-1194.jpg,2
image-1195.jpg,2
image-1196.jpg,2
image-1197.jpg,2
image-1198.jpg,2
image-1199.jpg,2
image-12.jpg,3
image-120.jpg,1
image-1200.jpg,2
image-1201.jpg,1
image-1202.jpg,2
image-1203.jpg,2
image-1204.jpg,2
image-1205.jpg,2
image-1206.jpg,3
image-1207.jpg,2
image-1208.jpg,2
image-1209.jpg,2
image-121.jpg,1
image-1210.jpg,3
image-1211.jpg,2
image-1212.jpg,2
image-1213.jpg,3
image-1214.jpg,1
image-1215.jpg,1
image-1216.jpg,4
image-1217.jpg,1
image-1218.jpg,1
image-1219.jpg,2
image-122.jpg,1
image-1220.jpg,1
image-1221.jpg,2
image-1222.jpg,2
image-1223.jpg,2
image-1224.jpg,3
image-1225.jpg,2
image-1226.jpg,1
image-1227.jpg,1
image-1228.jpg,1
image-1229.jpg,1
image-123.jpg,2
image-1230.jpg,3
image-1231.jpg,3
image-1232.jpg,1
image-1233.jpg,2
image-1234.jpg,1
image-1235.jpg,1
image-1236.jpg,2
image-1237.jpg,1
image-1238.jpg,2
image-1239.jpg,3
image-124.jpg,2
image-1240.jpg,2
image-1241.jpg,2
image-1242.jpg,2
image-1243.jpg,3
image-1244.jpg,1
image-1245.jpg,2
image-1246.jpg,2
image-1247.jpg,2
image-1248.jpg,2
image-1249.jpg,2
image-125.jpg,3
image-1250.jpg,1
image-1251.jpg,2
image-1252.jpg,1
image-1253.jpg,2
image-1254.jpg,1
image-1255.jpg,2
image-1256.jpg,1
image-1257.jpg,2
image-1258.jpg,1
image-1259.jpg,1
image-126.jpg,2
image-1260.jpg,2
image-1261.jpg,3
image-1262.jpg,3
image-1263.jpg,1
image-1264.jpg,2
image-1265.jpg,2
image-1266.jpg,1
image-1267.jpg,2
image-1268.jpg,1
image-1269.jpg,3
image-127.jpg,2
image-1270.jpg,2
image-1271.jpg,2
image-1272.jpg,2
image-1273.jpg,2
image-1274.jpg,2
image-1275.jpg,2
image-1276.jpg,1
image-1277.jpg,2
image-1278.jpg,2
image-1279.jpg,2
image-128.jpg,2
image-1280.jpg,2
image-1281.jpg,2
image-1282.jpg,2
image-1283.jpg,2
image-1284.jpg,2
image-1285.jpg,2
image-1286.jpg,1
image-1287.jpg,2
image-1288.jpg,2
image-1289.jpg,2
image-129.jpg,2
image-1290.jpg,2
image-1291.jpg,2
image-1292.jpg,2
image-1293.jpg,3
image-1294.jpg,3
image-1295.jpg,2
image-1296.jpg,3
image-1297.jpg,2
image-1298.jpg,2
image-1299.jpg,2
image-13.jpg,3
image-130.jpg,2
image-1300.jpg,2
image-1301.jpg,2
image-1302.jpg,3
image-1303.jpg,2
image-1304.jpg,2
image-1305.jpg,3
image-1306.jpg,2
image-1307.jpg,2
image-1308.jpg,2
image-1309.jpg,2
image-131.jpg,2
image-1310.jpg,1
image-1311.jpg,2
image-1312.jpg,2
image-1313.jpg,1
image-1314.jpg,2
image-1315.jpg,2
image-1316.jpg,2
image-1317.jpg,2
image-1318.jpg,3
image-1319.jpg,2
image-132.jpg,2
image-1320.jpg,1
image-1321.jpg,3
image-1322.jpg,2
image-1323.jpg,2
image-1324.jpg,3
image-1325.jpg,2
image-1326.jpg,2
image-1327.jpg,2
image-1328.jpg,2
image-1329.jpg,2
image-133.jpg,1
image-1330.jpg,3
image-1331.jpg,2
image-1332.jpg,2
image-1333.jpg,2
image-1334.jpg,2
image-1335.jpg,2
image-1336.jpg,2
image-1337.jpg,2
image-1338.jpg,2
image-1339.jpg,2
image-134.jpg,1
image-1340.jpg,2
image-1341.jpg,3
image-1342.jpg,2
image-1343.jpg,2
image-1344.jpg,2
image-1345.jpg,2
image-1346.jpg,2
image-1347.jpg,2
image-1348.jpg,2
image-1349.jpg,2
image-135.jpg,1
image-1350.jpg,2
image-1351.jpg,2
image-1352.jpg,2
image-1353.jpg,2
image-1354.jpg,2
image-1355.jpg,3
image-1356.jpg,2
image-1357.jpg,3
image-1358.jpg,2
image-1359.jpg,2
image-136.jpg,2
image-1360.jpg,2
image-1361.jpg,3
image-1362.jpg,2
image-1363.jpg,2
image-1364.jpg,2
image-1365.jpg,1
image-1366.jpg,2
image-1367.jpg,1
image-1368.jpg,2
image-1369.jpg,2
image-137.jpg,3
image-1370.jpg,2
image-1371.jpg,2
image-1372.jpg,2
image-1373.jpg,2
image-1374.jpg,2
image-1375.jpg,2
image-1376.jpg,2
image-1377.jpg,2
image-1378.jpg,2
image-1379.jpg,2
image-138.jpg,2
image-1380.jpg,3
image-1381.jpg,2
image-1382.jpg,2
image-1383.jpg,2
image-1384.jpg,2
image-1385.jpg,2
image-1386.jpg,2
image-1387.jpg,2
image-1388.jpg,2
image-1389.jpg,2
image-139.jpg,3
image-1390.jpg,3
image-1391.jpg,1
image-1392.jpg,2
image-1393.jpg,2
image-1394.jpg,2
image-1395.jpg,2
image-1396.jpg,3
image-1397.jpg,2
image-1398.jpg,2
image-1399.jpg,2
image-14.jpg,3
image-140.jpg,2
image-1400.jpg,2
image-1401.jpg,2
image-1402.jpg,3
image-1403.jpg,2
image-1404.jpg,3
image-1405.jpg,2
image-1406.jpg,3
image-1407.jpg,2
image-1408.jpg,3
image-1409.jpg,1
image-141.jpg,2
image-1410.jpg,2
image-1411.jpg,2
image-1412.jpg,1
image-1413.jpg,1
image-1414.jpg,1
image-1415.jpg,2
image-1416.jpg,2
image-1417.jpg,1
image-1418.jpg,1
image-1419.jpg,1
image-142.jpg,1
image-1420.jpg,2
image-1421.jpg,2
image-1422.jpg,3
image-1423.jpg,3
image-1424.jpg,4
image-1425.jpg,2
image-1426.jpg,2
image-1427.jpg,3
image-1428.jpg,1
image-1429.jpg,2
image-143.jpg,2
image-1430.jpg,1
image-1431.jpg,3
image-1432.jpg,1
image-1433.jpg,2
image-1434.jpg,2
image-1435.jpg,2
image-1436.jpg,2
image-1437.jpg,1
image-1438.jpg,3
image-1439.jpg,2
image-144.jpg,1
image-1440.jpg,1
image-1441.jpg,2
image-1442.jpg,3
image-1443.jpg,2
image-1444.jpg,5
image-1445.jpg,2
image-1446.jpg,2
image-1447.jpg,1
image-1448.jpg,2
image-1449.jpg,2
image-145.jpg,1
image-1450.jpg,1
image-1451.jpg,2
image-1452.jpg,3
image-1453.jpg,1
image-1454.jpg,3
image-1455.jpg,2
image-1456.jpg,1
image-1457.jpg,2
image-1458.jpg,2
image-1459.jpg,4
image-146.jpg,1
image-1460.jpg,2
image-1461.jpg,3
image-1462.jpg,3
image-1463.jpg,3
image-1464.jpg,3
image-1465.jpg,2
image-1466.jpg,1
image-1467.jpg,1
image-1468.jpg,1
image-1469.jpg,1
image-147.jpg,1
image-1470.jpg,2
image-1471.jpg,2
image-1472.jpg,2
image-1473.jpg,2
image-1474.jpg,2
image-1475.jpg,3
image-1476.jpg,1
image-1477.jpg,2
image-1478.jpg,3
image-1479.jpg,1
image-148.jpg,2
image-1480.jpg,2
image-1481.jpg,3
image-1482.jpg,4
image-1483.jpg,3
image-1484.jpg,4
image-1485.jpg,3
image-1486.jpg,3
image-1487.jpg,2
image-1488.jpg,2
image-1489.jpg,2
image-149.jpg,1
image-1490.jpg,2
image-1491.jpg,2
image-1492.jpg,2
image-1493.jpg,4
image-1494.jpg,3
image-1495.jpg,2
image-1496.jpg,4
image-1497.jpg,4
image-1498.jpg,5
image-1499.jpg,2
image-15.jpg,2
image-150.jpg,1
image-1500.jpg,2
image-1501.jpg,2
image-1502.jpg,3
image-1503.jpg,4
image-1504.jpg,3
image-1505.jpg,4
image-1506.jpg,3
image-1507.jpg,3
image-1508.jpg,2
image-1509.jpg,4
image-151.jpg,2
image-1510.jpg,2
image-1511.jpg,3
image-1512.jpg,2
image-1513.jpg,1
image-1514.jpg,3
image-1515.jpg,3
image-1516.jpg,4
image-1517.jpg,3
image-1518.jpg,3
image-1519.jpg,3
image-152.jpg,2
image-1520.jpg,3
image-1521.jpg,3
image-1522.jpg,2
image-1523.jpg,2
image-1524.jpg,2
image-1525.jpg,2
image-1526.jpg,2
image-1527.jpg,2
image-1528.jpg,2
image-1529.jpg,2
image-153.jpg,2
image-1530.jpg,4
image-1531.jpg,3
image-1532.jpg,2
image-1533.jpg,2
image-1534.jpg,2
image-1535.jpg,2
image-1536.jpg,3
image-1537.jpg,2
image-1538.jpg,1
image-1539.jpg,3
image-154.jpg,2
image-1540.jpg,3
image-1541.jpg,2
image-1542.jpg,4
image-1543.jpg,2
image-1544.jpg,3
image-1545.jpg,3
image-1546.jpg,3
image-1547.jpg,2
image-1548.jpg,2
image-1549.jpg,3
image-155.jpg,1
image-1550.jpg,2
image-1551.jpg,3
image-1552.jpg,3
image-1553.jpg,2
image-1554.jpg,2
image-1555.jpg,3
image-1556.jpg,3
image-1557.jpg,2
image-1558.jpg,2
image-1559.jpg,4
image-156.jpg,1
image-1560.jpg,2
image-1561.jpg,3
image-1562.jpg,2
image-1563.jpg,3
image-1564.jpg,3
image-1565.jpg,3
image-1566.jpg,3
image-1567.jpg,2
image-1568.jpg,2
image-1569.jpg,3
image-157.jpg,2
image-1570.jpg,3
image-1571.jpg,3
image-1572.jpg,4
image-1573.jpg,2
image-1574.jpg,3
image-1575.jpg,2
image-1576.jpg,3
image-1577.jpg,3
image-1578.jpg,2
image-1579.jpg,3
image-158.jpg,1
image-1580.jpg,3
image-1581.jpg,3
image-1582.jpg,4
image-1583.jpg,4
image-1584.jpg,3
image-1585.jpg,3
image-1586.jpg,3
image-1587.jpg,5
image-1588.jpg,3
image-1589.jpg,3
image-159.jpg,2
image-1590.jpg,2
image-1591.jpg,2
image-1592.jpg,2
image-1593.jpg,3
image-1594.jpg,2
image-1595.jpg,1
image-1596.jpg,2
image-1597.jpg,2
image-1598.jpg,2
image-1599.jpg,2
image-16.jpg,2
image-160.jpg,2
image-1600.jpg,2
image-1601.jpg,3
image-1602.jpg,3
image-1603.jpg,2
image-1604.jpg,2
image-1605.jpg,3
image-1606.jpg,2
image-1607.jpg,2
image-1608.jpg,3
image-1609.jpg,3
image-161.jpg,2
image-1610.jpg,3
image-1611.jpg,2
image-1612.jpg,3
image-1613.jpg,2
image-1614.jpg,2
image-1615.jpg,3
image-1616.jpg,3
image-1617.jpg,3
image-1618.jpg,3
image-1619.jpg,2
image-162.jpg,2
image-1620.jpg,2
image-1621.jpg,3
image-1622.jpg,3
image-1623.jpg,2
image-1624.jpg,2
image-1625.jpg,2
image-1626.jpg,3
image-1627.jpg,2
image-1628.jpg,2
image-1629.jpg,2
image-163.jpg,2
image-1630.jpg,2
image-1631.jpg,2
image-1632.jpg,2
image-1633.jpg,2
image-1634.jpg,2
image-1635.jpg,2
image-1636.jpg,2
image-1637.jpg,2
image-1638.jpg,2
image-1639.jpg,3
image-164.jpg,2
image-1640.jpg,2
image-1641.jpg,3
image-1642.jpg,2
image-1643.jpg,3
image-1644.jpg,3
image-1645.jpg,3
image-1646.jpg,2
image-1647.jpg,2
image-1648.jpg,2
image-1649.jpg,2
image-165.jpg,1
image-1650.jpg,2
image-1651.jpg,3
image-1652.jpg,2
image-1653.jpg,2
image-1654.jpg,2
image-1655.jpg,2
image-1656.jpg,2
image-1657.jpg,2
image-1658.jpg,2
image-1659.jpg,2
image-166.jpg,2
image-1660.jpg,2
image-1661.jpg,3
image-1662.jpg,2
image-1663.jpg,2
image-1664.jpg,2
image-1665.jpg,3
image-1666.jpg,3
image-1667.jpg,3
image-1668.jpg,2
image-1669.jpg,2
image-167.jpg,2
image-1670.jpg,3
image-1671.jpg,3
image-1672.jpg,2
image-1673.jpg,2
image-1674.jpg,3
image-1675.jpg,2
image-1676.jpg,2
image-1677.jpg,2
image-1678.jpg,2
image-1679.jpg,2
image-168.jpg,1
image-1680.jpg,3
image-1681.jpg,2
image-1682.jpg,2
image-1683.jpg,3
image-1684.jpg,2
image-1685.jpg,2
image-1686.jpg,2
image-1687.jpg,3
image-1688.jpg,2
image-1689.jpg,2
image-169.jpg,1
image-1690.jpg,2
image-1691.jpg,2
image-1692.jpg,3
image-1693.jpg,3
image-1694.jpg,3
image-1695.jpg,2
image-1696.jpg,2
image-1697.jpg,3
image-1698.jpg,2
image-1699.jpg,3
image-17.jpg,4
image-170.jpg,1
image-1700.jpg,2
image-1701.jpg,3
image-1702.jpg,2
image-1703.jpg,3
image-1704.jpg,2
image-1705.jpg,3
image-1706.jpg,2
image-1707.jpg,2
image-1708.jpg,2
image-1709.jpg,3
image-171.jpg,2
image-1710.jpg,2
image-1711.jpg,3
image-1712.jpg,3
image-1713.jpg,4
image-1714.jpg,2
image-1715.jpg,2
image-1716.jpg,1
image-1717.jpg,2
image-1718.jpg,2
image-1719.jpg,3
image-172.jpg,4
image-1720.jpg,2
image-1721.jpg,3
image-1722.jpg,2
image-1723.jpg,3
image-1724.jpg,3
image-1725.jpg,3
image-1726.jpg,3
image-1727.jpg,3
image-1728.jpg,3
image-1729.jpg,3
image-173.jpg,1
image-1730.jpg,1
image-1731.jpg,3
image-1732.jpg,3
image-1733.jpg,2
image-1734.jpg,2
image-1735.jpg,3
image-1736.jpg,2
image-1737.jpg,1
image-1738.jpg,2
image-1739.jpg,1
image-174.jpg,2
image-1740.jpg,2
image-1741.jpg,3
image-1742.jpg,3
image-1743.jpg,3
image-1744.jpg,3
image-1745.jpg,2
image-1746.jpg,4
image-1747.jpg,2
image-1748.jpg,2
image-1749.jpg,3
image-175.jpg,2
image-1750.jpg,3
image-1751.jpg,4
image-1752.jpg,3
image-1753.jpg,3
image-1754.jpg,3
image-1755.jpg,2
image-1756.jpg,2
image-1757.jpg,3
image-1758.jpg,4
image-1759.jpg,3
image-176.jpg,2
image-1760.jpg,3
image-1761.jpg,2
image-1762.jpg,2
image-1763.jpg,2
image-1764.jpg,2
image-1765.jpg,2
image-1766.jpg,2
image-1767.jpg,2
image-1768.jpg,2
image-1769.jpg,2
image-177.jpg,2
image-1770.jpg,2
image-1771.jpg,2
image-1772.jpg,2
image-1773.jpg,1
image-1774.jpg,2
image-1775.jpg,3
image-1776.jpg,3
image-1777.jpg,3
image-1778.jpg,3
image-1779.jpg,2
image-178.jpg,2
image-1780.jpg,3
image-1781.jpg,2
image-1782.jpg,2
image-179.jpg,4
image-18.jpg,3
image-180.jpg,2
image-181.jpg,2
image-182.jpg,3
image-183.jpg,3
image-184.jpg,2
image-185.jpg,2
image-186.jpg,2
image-187.jpg,2
image-188.jpg,2
image-189.jpg,1
image-19.jpg,2
image-190.jpg,2
image-191.jpg,2
image-192.jpg,2
image-193.jpg,2
image-194.jpg,1
image-195.jpg,2
image-196.jpg,2
image-197.jpg,1
image-198.jpg,2
image-199.jpg,2
image-2.jpg,2
image-20.jpg,2
image-200.jpg,2
image-201.jpg,2
image-202.jpg,2
image-203.jpg,2
image-204.jpg,2
image-205.jpg,2
image-206.jpg,2
image-207.jpg,2
image-208.jpg,2
image-209.jpg,2
image-21.jpg,2
image-210.jpg,1
image-211.jpg,2
image-212.jpg,2
image-213.jpg,2
image-214.jpg,2
image-215.jpg,2
image-216.jpg,3
image-217.jpg,2
image-218.jpg,2
image-219.jpg,2
image-22.jpg,1
image-220.jpg,2
image-221.jpg,2
image-222.jpg,2
image-223.jpg,3
image-224.jpg,2
image-225.jpg,2
image-226.jpg,2
image-227.jpg,2
image-228.jpg,2
image-229.jpg,2
image-23.jpg,2
image-230.jpg,2
image-231.jpg,2
image-232.jpg,3
image-233.jpg,2
image-234.jpg,3
image-235.jpg,1
image-236.jpg,2
image-237.jpg,3
image-238.jpg,2
image-239.jpg,2
image-24.jpg,1
image-240.jpg,2
image-241.jpg,2
image-242.jpg,2
image-243.jpg,2
image-244.jpg,1
image-245.jpg,2
image-246.jpg,1
image-247.jpg,2
image-248.jpg,1
image-249.jpg,2
image-25.jpg,1
image-250.jpg,3
image-251.jpg,2
image-252.jpg,2
image-253.jpg,3
image-254.jpg,2
image-255.jpg,3
image-256.jpg,3
image-257.jpg,2
image-258.jpg,2
image-259.jpg,2
image-26.jpg,2
image-260.jpg,2
image-261.jpg,2
image-262.jpg,2
image-263.jpg,2
image-264.jpg,2
image-265.jpg,2
image-266.jpg,2
image-267.jpg,3
image-268.jpg,2
image-269.jpg,2
image-27.jpg,2
image-270.jpg,2
image-271.jpg,1
image-272.jpg,2
image-273.jpg,2
image-274.jpg,4
image-275.jpg,2
image-276.jpg,3
image-277.jpg,3
image-278.jpg,2
image-279.jpg,2
image-28.jpg,1
image-280.jpg,2
image-281.jpg,2
image-282.jpg,2
image-283.jpg,3
image-284.jpg,2
image-285.jpg,1
image-286.jpg,2
image-287.jpg,2
image-288.jpg,3
image-289.jpg,2
image-29.jpg,2
image-290.jpg,2
image-291.jpg,2
image-292.jpg,2
image-293.jpg,2
image-294.jpg,4
image-295.jpg,3
image-296.jpg,2
image-297.jpg,2
image-298.jpg,2
image-299.jpg,2
image-3.jpg,2
image-30.jpg,2
image-300.jpg,2
image-301.jpg,2
image-302.jpg,1
image-303.jpg,2
image-304.jpg,2
image-305.jpg,2
image-306.jpg,1
image-307.jpg,2
image-308.jpg,2
image-309.jpg,4
image-31.jpg,2
image-310.jpg,2
image-311.jpg,1
image-312.jpg,1
image-313.jpg,2
image-314.jpg,2
image-315.jpg,2
image-316.jpg,3
image-317.jpg,4
image-318.jpg,1
image-319.jpg,2
image-32.jpg,3
image-320.jpg,2
image-321.jpg,2
image-322.jpg,2
image-323.jpg,1
image-324.jpg,2
image-325.jpg,2
image-326.jpg,2
image-327.jpg,2
image-328.jpg,2
image-329.jpg,1
image-33.jpg,2
image-330.jpg,2
image-331.jpg,3
image-332.jpg,2
image-333.jpg,2
image-334.jpg,3
image-335.jpg,1
image-336.jpg,2
image-337.jpg,1
image-338.jpg,2
image-339.jpg,2
image-34.jpg,2
image-340.jpg,2
image-341.jpg,1
image-342.jpg,2
image-343.jpg,2
image-344.jpg,2
image-345.jpg,2
image-346.jpg,2
image-347.jpg,2
image-348.jpg,3
image-349.jpg,1
image-35.jpg,3
image-350.jpg,1
image-351.jpg,2
image-352.jpg,2
image-353.jpg,1
image-354.jpg,1
image-355.jpg,2
image-356.jpg,2
image-357.jpg,2
image-358.jpg,1
image-359.jpg,2
image-36.jpg,2
image-360.jpg,2
image-361.jpg,3
image-362.jpg,1
image-363.jpg,2
image-364.jpg,2
image-365.jpg,2
image-366.jpg,2
image-367.jpg,2
image-368.jpg,2
image-369.jpg,2
image-37.jpg,2
image-370.jpg,3
image-371.jpg,2
image-372.jpg,2
image-373.jpg,1
image-374.jpg,2
image-375.jpg,1
image-376.jpg,2
image-377.jpg,1
image-378.jpg,2
image-379.jpg,2
image-38.jpg,2
image-380.jpg,1
image-381.jpg,2
image-382.jpg,2
image-383.jpg,2
image-384.jpg,3
image-385.jpg,3
image-386.jpg,3
image-387.jpg,2
image-388.jpg,4
image-389.jpg,2
image-39.jpg,2
image-390.jpg,1
image-391.jpg,2
image-392.jpg,2
image-393.jpg,1
image-394.jpg,1
image-395.jpg,2
image-396.jpg,3
image-397.jpg,2
image-398.jpg,2
image-399.jpg,2
image-4.jpg,2
image-40.jpg,2
image-400.jpg,2
image-401.jpg,2
image-402.jpg,2
image-403.jpg,2
image-404.jpg,3
image-405.jpg,2
image-406.jpg,3
image-407.jpg,1
image-408.jpg,2
image-409.jpg,3
image-41.jpg,2
image-410.jpg,2
image-411.jpg,1
image-412.jpg,2
image-413.jpg,2
image-414.jpg,2
image-415.jpg,3
image-416.jpg,2
image-417.jpg,2
image-418.jpg,2
image-419.jpg,2
image-42.jpg,2
image-420.jpg,2
image-421.jpg,3
image-422.jpg,2
image-423.jpg,1
image-424.jpg,2
image-425.jpg,2
image-426.jpg,2
image-427.jpg,2
image-428.jpg,2
image-429.jpg,2
image-43.jpg,2
image-430.jpg,3
image-431.jpg,4
image-432.jpg,2
image-433.jpg,3
image-434.jpg,2
image-435.jpg,2
image-436.jpg,3
image-437.jpg,2
image-438.jpg,3
image-439.jpg,2
image-44.jpg,2
image-440.jpg,2
image-441.jpg,2
image-442.jpg,2
image-443.jpg,2
image-444.jpg,2
image-445.jpg,1
image-446.jpg,2
image-447.jpg,4
image-448.jpg,2
image-449.jpg,2
image-45.jpg,2
image-450.jpg,3
image-451.jpg,2
image-452.jpg,3
image-453.jpg,2
image-454.jpg,2
image-455.jpg,3
image-456.jpg,3
image-457.jpg,2
image-458.jpg,1
image-459.jpg,3
image-46.jpg,2
image-460.jpg,2
image-461.jpg,1
image-462.jpg,2
image-463.jpg,2
image-464.jpg,3
image-465.jpg,3
image-466.jpg,2
image-467.jpg,2
image-468.jpg,2
image-469.jpg,3
image-47.jpg,2
image-470.jpg,2
image-471.jpg,2
image-472.jpg,2
image-473.jpg,2
image-474.jpg,2
image-475.jpg,1
image-476.jpg,2
image-477.jpg,2
image-478.jpg,2
image-479.jpg,3
image-48.jpg,2
image-480.jpg,2
image-481.jpg,2
image-482.jpg,2
image-483.jpg,2
image-484.jpg,1
image-485.jpg,2
image-486.jpg,2
image-487.jpg,2
image-488.jpg,2
image-489.jpg,2
image-49.jpg,1
image-490.jpg,2
image-491.jpg,2
image-492.jpg,2
image-493.jpg,2
image-494.jpg,3
image-495.jpg,2
image-496.jpg,2
image-497.jpg,2
image-498.jpg,2
image-499.jpg,2
image-5.jpg,4
image-50.jpg,2
image-500.jpg,2
image-501.jpg,2
image-502.jpg,2
image-503.jpg,2
image-504.jpg,3
image-505.jpg,2
image-506.jpg,2
image-507.jpg,2
image-508.jpg,1
image-509.jpg,2
image-51.jpg,2
image-510.jpg,3
image-511.jpg,2
image-512.jpg,2
image-513.jpg,2
image-514.jpg,2
image-515.jpg,2
image-516.jpg,2
image-517.jpg,2
image-518.jpg,2
image-519.jpg,2
image-52.jpg,2
image-520.jpg,2
image-521.jpg,2
image-522.jpg,4
image-523.jpg,2
image-524.jpg,2
image-525.jpg,2
image-526.jpg,2
image-527.jpg,2
image-528.jpg,4
image-529.jpg,3
image-53.jpg,1
image-530.jpg,2
image-531.jpg,3
image-532.jpg,2
image-533.jpg,3
image-534.jpg,3
image-535.jpg,2
image-536.jpg,2
image-537.jpg,2
image-538.jpg,2
image-539.jpg,2
image-54.jpg,3
image-540.jpg,2
image-541.jpg,2
image-542.jpg,2
image-543.jpg,2
image-544.jpg,2
image-545.jpg,2
image-546.jpg,2
image-547.jpg,2
image-548.jpg,2
image-549.jpg,3
image-55.jpg,2
image-550.jpg,2
image-551.jpg,4
image-552.jpg,2
image-553.jpg,4
image-554.jpg,2
image-555.jpg,3
image-556.jpg,3
image-557.jpg,3
image-558.jpg,2
image-559.jpg,4
image-56.jpg,3
image-560.jpg,3
image-561.jpg,2
image-562.jpg,2
image-563.jpg,2
image-564.jpg,2
image-565.jpg,3
image-566.jpg,2
image-567.jpg,2
image-568.jpg,2
image-569.jpg,2
image-57.jpg,1
image-570.jpg,2
image-571.jpg,2
image-572.jpg,2
image-573.jpg,2
image-574.jpg,2
image-575.jpg,2
image-576.jpg,2
image-577.jpg,2
image-578.jpg,3
image-579.jpg,2
image-58.jpg,1
image-580.jpg,2
image-581.jpg,2
image-582.jpg,2
image-583.jpg,2
image-584.jpg,3
image-585.jpg,2
image-586.jpg,2
image-587.jpg,3
image-588.jpg,2
image-589.jpg,2
image-59.jpg,2
image-590.jpg,2
image-591.jpg,2
image-592.jpg,3
image-593.jpg,2
image-594.jpg,2
image-595.jpg,2
image-596.jpg,2
image-597.jpg,3
image-598.jpg,2
image-599.jpg,2
image-6.jpg,4
image-60.jpg,2
image-600.jpg,2
image-601.jpg,2
image-602.jpg,2
image-603.jpg,2
image-604.jpg,2
image-605.jpg,2
image-606.jpg,2
image-607.jpg,2
image-608.jpg,2
image-609.jpg,2
image-61.jpg,2
image-610.jpg,2
image-611.jpg,2
image-612.jpg,2
image-613.jpg,2
image-614.jpg,2
image-615.jpg,2
image-616.jpg,2
image-617.jpg,2
image-618.jpg,3
image-619.jpg,2
image-62.jpg,2
image-620.jpg,2
image-621.jpg,2
image-622.jpg,2
image-623.jpg,2
image-624.jpg,4
image-625.jpg,4
image-626.jpg,2
image-627.jpg,2
image-628.jpg,2
image-629.jpg,2
image-63.jpg,2
image-630.jpg,3
image-631.jpg,3
image-632.jpg,2
image-633.jpg,3
image-634.jpg,2
image-635.jpg,2
image-636.jpg,2
image-637.jpg,2
image-638.jpg,2
image-639.jpg,2
image-64.jpg,2
image-640.jpg,2
image-641.jpg,3
image-642.jpg,2
image-643.jpg,2
image-644.jpg,2
image-645.jpg,2
image-646.jpg,2
image-647.jpg,2
image-648.jpg,2
image-649.jpg,3
image-65.jpg,2
image-650.jpg,2
image-651.jpg,2
image-652.jpg,2
image-653.jpg,2
image-654.jpg,3
image-655.jpg,2
image-656.jpg,2
image-657.jpg,4
image-658.jpg,2
image-659.jpg,2
image-66.jpg,2
image-660.jpg,2
image-661.jpg,4
image-662.jpg,2
image-663.jpg,3
image-664.jpg,2
image-665.jpg,2
image-666.jpg,3
image-667.jpg,2
image-668.jpg,2
image-669.jpg,2
image-67.jpg,2
image-670.jpg,2
image-671.jpg,2
image-672.jpg,2
image-673.jpg,4
image-674.jpg,2
image-675.jpg,2
image-676.jpg,2
image-677.jpg,2
image-678.jpg,2
image-679.jpg,2
image-68.jpg,3
image-680.jpg,2
image-681.jpg,2
image-682.jpg,4
image-683.jpg,2
image-684.jpg,4
image-685.jpg,2
image-686.jpg,2
image-687.jpg,2
image-688.jpg,2
image-689.jpg,2
image-69.jpg,2
image-690.jpg,2
image-691.jpg,2
image-692.jpg,4
image-693.jpg,2
image-694.jpg,2
image-695.jpg,4
image-696.jpg,2
image-697.jpg,2
image-698.jpg,2
image-699.jpg,2
image-7.jpg,4
image-70.jpg,4
image-700.jpg,2
image-701.jpg,2
image-702.jpg,2
image-703.jpg,2
image-704.jpg,2
image-705.jpg,2
image-706.jpg,2
image-707.jpg,3
image-708.jpg,2
image-709.jpg,2
image-71.jpg,2
image-710.jpg,2
image-711.jpg,2
image-712.jpg,3
image-713.jpg,2
image-714.jpg,2
image-715.jpg,3
image-716.jpg,2
image-717.jpg,4
image-718.jpg,2
image-719.jpg,2
image-72.jpg,2
image-720.jpg,2
image-721.jpg,2
image-722.jpg,3
image-723.jpg,2
image-724.jpg,3
image-725.jpg,2
image-726.jpg,3
image-727.jpg,2
image-728.jpg,2
image-729.jpg,2
image-73.jpg,2
image-730.jpg,2
image-731.jpg,2
image-732.jpg,2
image-733.jpg,2
image-734.jpg,3
image-735.jpg,2
image-736.jpg,2
image-737.jpg,2
image-738.jpg,2
image-739.jpg,2
image-74.jpg,2
image-740.jpg,3
image-741.jpg,2
image-742.jpg,2
image-743.jpg,2
image-744.jpg,2
image-745.jpg,2
image-746.jpg,2
image-747.jpg,2
image-748.jpg,2
image-749.jpg,2
image-75.jpg,2
image-750.jpg,2
image-751.jpg,3
image-752.jpg,2
image-753.jpg,2
image-754.jpg,4
image-755.jpg,2
image-756.jpg,2
image-757.jpg,2
image-758.jpg,2
image-759.jpg,2
image-76.jpg,1
image-760.jpg,2
image-761.jpg,2
image-762.jpg,2
image-763.jpg,2
image-764.jpg,3
image-765.jpg,2
image-766.jpg,1
image-767.jpg,2
image-768.jpg,2
image-769.jpg,2
image-77.jpg,2
image-770.jpg,2
image-771.jpg,2
image-772.jpg,2
image-773.jpg,4
image-774.jpg,2
image-775.jpg,2
image-776.jpg,3
image-777.jpg,2
image-778.jpg,2
image-779.jpg,2
image-78.jpg,2
image-780.jpg,3
image-781.jpg,2
image-782.jpg,2
image-783.jpg,4
image-784.jpg,2
image-785.jpg,2
image-786.jpg,2
image-787.jpg,2
image-788.jpg,2
image-789.jpg,2
image-79.jpg,2
image-790.jpg,2
image-791.jpg,3
image-792.jpg,2
image-793.jpg,2
image-794.jpg,2
image-795.jpg,2
image-796.jpg,2
image-797.jpg,2
image-798.jpg,3
image-799.jpg,2
image-8.jpg,4
image-80.jpg,2
image-800.jpg,3
image-801.jpg,3
image-802.jpg,2
image-803.jpg,3
image-804.jpg,3
image-805.jpg,2
image-806.jpg,2
image-807.jpg,2
image-808.jpg,2
image-809.jpg,2
image-81.jpg,2
image-810.jpg,2
image-811.jpg,2
image-812.jpg,2
image-813.jpg,2
image-814.jpg,2
image-815.jpg,3
image-816.jpg,2
image-817.jpg,2
image-818.jpg,2
image-819.jpg,2
image-82.jpg,2
image-820.jpg,2
image-821.jpg,2
image-822.jpg,2
image-823.jpg,2
image-824.jpg,2
image-825.jpg,2
image-826.jpg,2
image-827.jpg,2
image-828.jpg,2
image-829.jpg,2
image-83.jpg,2
image-830.jpg,2
image-831.jpg,2
image-832.jpg,2
image-833.jpg,2
image-834.jpg,3
image-835.jpg,2
image-836.jpg,2
image-837.jpg,2
image-838.jpg,2
image-839.jpg,3
image-84.jpg,2
image-840.jpg,2
image-841.jpg,2
image-842.jpg,3
image-843.jpg,2
image-844.jpg,2
image-845.jpg,3
image-846.jpg,2
image-847.jpg,2
image-848.jpg,2
image-849.jpg,3
image-85.jpg,2
image-850.jpg,4
image-851.jpg,2
image-852.jpg,2
image-853.jpg,3
image-854.jpg,2
image-855.jpg,3
image-856.jpg,2
image-857.jpg,2
image-858.jpg,2
image-859.jpg,2
image-86.jpg,2
image-860.jpg,2
image-861.jpg,2
image-862.jpg,2
image-863.jpg,2
image-864.jpg,2
image-865.jpg,1
image-866.jpg,2
image-867.jpg,2
image-868.jpg,3
image-869.jpg,2
image-87.jpg,2
image-870.jpg,2
image-871.jpg,2
image-872.jpg,2
image-873.jpg,2
image-874.jpg,2
image-875.jpg,2
image-876.jpg,2
image-877.jpg,2
image-878.jpg,3
image-879.jpg,3
image-88.jpg,1
image-880.jpg,2
image-881.jpg,2
image-882.jpg,2
image-883.jpg,2
image-884.jpg,1
image-885.jpg,2
image-886.jpg,2
image-887.jpg,2
image-888.jpg,1
image-889.jpg,2
image-89.jpg,2
image-890.jpg,2
image-891.jpg,2
image-892.jpg,2
image-893.jpg,3
image-894.jpg,2
image-895.jpg,3
image-896.jpg,2
image-897.jpg,3
image-898.jpg,2
image-899.jpg,2
image-9.jpg,4
image-90.jpg,2
image-900.jpg,2
image-901.jpg,3
image-902.jpg,2
image-903.jpg,2
image-904.jpg,3
image-905.jpg,2
image-906.jpg,3
image-907.jpg,3
image-908.jpg,2
image-909.jpg,2
image-91.jpg,2
image-910.jpg,2
image-911.jpg,2
image-912.jpg,2
image-913.jpg,3
image-914.jpg,2
image-915.jpg,3
image-916.jpg,2
image-917.jpg,3
image-918.jpg,2
image-919.jpg,2
image-92.jpg,2
image-920.jpg,2
image-921.jpg,2
image-922.jpg,3
image-923.jpg,2
image-924.jpg,2
image-925.jpg,2
image-926.jpg,2
image-927.jpg,2
image-928.jpg,3
image-929.jpg,2
image-93.jpg,2
image-930.jpg,3
image-931.jpg,2
image-932.jpg,2
image-933.jpg,3
image-934.jpg,2
image-935.jpg,3
image-936.jpg,2
image-937.jpg,2
image-938.jpg,2
image-939.jpg,2
image-94.jpg,2
image-940.jpg,2
image-941.jpg,3
image-942.jpg,2
image-943.jpg,3
image-944.jpg,2
image-945.jpg,2
image-946.jpg,2
image-947.jpg,4
image-948.jpg,2
image-949.jpg,2
image-95.jpg,2
image-950.jpg,2
image-951.jpg,2
image-952.jpg,2
image-953.jpg,2
image-954.jpg,3
image-955.jpg,3
image-956.jpg,2
image-957.jpg,2
image-958.jpg,1
image-959.jpg,2
image-96.jpg,2
image-960.jpg,2
image-961.jpg,3
image-962.jpg,3
image-963.jpg,2
image-964.jpg,3
image-965.jpg,2
image-966.jpg,3
image-967.jpg,2
image-968.jpg,2
image-969.jpg,2
image-97.jpg,2
image-970.jpg,2
image-971.jpg,3
image-972.jpg,3
image-973.jpg,2
image-974.jpg,2
image-975.jpg,2
image-976.jpg,2
image-977.jpg,2
image-978.jpg,2
image-979.jpg,2
image-98.jpg,2
image-980.jpg,3
image-981.jpg,2
image-982.jpg,2
image-983.jpg,3
image-984.jpg,2
image-985.jpg,2
image-986.jpg,2
image-987.jpg,2
image-988.jpg,2
image-989.jpg,2
image-99.jpg,2
image-990.jpg,2
image-991.jpg,2
image-992.jpg,2
image-993.jpg,2
image-994.jpg,2
image-995.jpg,2
image-996.jpg,3
image-997.jpg,2
image-998.jpg,2
image-999.jpg,2
